term,posting
all,"0:8,1:10,2:8,3:8,4:8,5:8,6:8"
code,1:1
rhetorician,0:1
broaden,0:1
global,"0:1,1:3,2:7,3:2,4:1"
colleges,"0:8,1:8,2:8,3:8,4:8,5:8,6:8"
facilities,"0:2,1:2,2:2,3:2,4:2,5:2,6:2"
deadline,6:2
ga,"0:12,1:12,2:12,3:12,4:12,5:12,6:12"
interconnected,2:1
spaced,6:1
chair,4:1
children,0:4
issues,"0:1,1:1,3:1"
whose,"1:1,2:1"
eligible,1:1
acemian,4:3
opportunities,"0:6,1:6,2:6,3:6,4:6,5:6,6:6"
originality,6:1
to,"0:18,1:9,2:8,3:7,4:2,5:5,6:12"
program,"0:2,1:1,2:12,3:1,4:1,5:1,6:2"
under,"1:1,2:2,5:1"
teaching,0:1
include,"1:2,3:1,6:1"
presentation,"1:2,5:1,6:1"
resources,"0:5,1:5,2:5,3:5,4:5,5:5,6:5"
applied,1:1
confirmation,6:1
sherbrooke,"0:1,1:1,2:1,3:1,4:1,5:1,6:1"
risk,"0:1,3:1"
pages,6:1
regional,3:1
focus,"1:1,2:1"
tradeoffs,3:1
facebook,"0:2,1:2,2:2,3:2,4:2,5:2,6:2"
polytechnic,3:1
school,"0:8,1:8,2:9,3:8,4:8,5:8,6:8"
presented,1:1
skills,"0:2,1:7,2:1"
proposals,1:2
standards,0:1
large,0:1
this,"0:2,1:13,2:2,3:1,4:1,5:2,6:4"
humanistic,0:2
avoiding,1:1
quick,"0:3,1:3,2:3,3:3,4:3,5:3,6:3"
div,0:2
unexpected,1:1
instagram,"0:1,1:1,2:1,3:1,4:1,5:1,6:1"
disciplines,0:1
guidelines,6:1
modified,3:1
professionalism,0:1
street,"0:1,1:1,2:1,3:1,4:1,5:1,6:1"
quebec,"0:4,1:5,2:4,3:4,4:4,5:4,6:4"
pass,1:1
further,1:2
dynamics,3:1
graduating,6:1
dissertation,1:1
what,6:1
sub,3:1
cover,6:1
accreditation,"0:1,1:1,2:1,3:1,4:1,5:1,6:1"
section,"1:1,6:1"
selected,"1:1,5:1"
shares,0:1
networks,3:1
current,2:2
scientists,"0:1,1:3,2:1"
new,"0:5,1:4,2:4,3:6,4:4,5:4,6:4"
firms,2:1
public,"0:6,1:1,3:2"
deborah,"2:1,3:1,4:3"
multinational,2:1
full,4:2
degree,"1:2,3:1"
shuttle,"0:4,1:4,2:4,3:4,4:4,5:4,6:4"
learn,3:1
understanding,0:1
water,3:1
bachelor,1:1
focused,"2:1,3:1"
pursuit,0:1
address,"0:2,1:2,2:2,3:2,4:2,5:2,6:3"
along,2:1
teaches,0:1
change,3:1
search,"0:1,1:1,2:1,3:1,4:1,5:1,6:1"
engage,"1:1,2:1"
canadian,1:1
technical,"1:9,6:10"
involved,2:2
study,"0:5,1:4,2:4,3:4,4:4,5:4,6:4"
economics,"0:1,1:1,3:1"
culminate,"1:1,5:1"
reports,1:2
guide,"2:2,5:1,6:2"
credit,"1:2,6:2"
social,"0:6,1:5,2:5,3:4,4:1,5:1,6:1"
usually,6:1
contaminants,3:1
navigation,0:22
montreal,"0:4,1:4,2:4,3:4,4:4,5:4,6:4"
fulfill,1:1
criticism,1:1
addresses,1:1
ketra,"2:1,3:1,4:3"
manage,0:1
collaborating,0:1
sgw,"0:2,1:2,2:2,3:2,4:2,5:2,6:2"
webmail,"0:3,1:3,2:3,3:3,4:3,5:3,6:3"
semester,"1:1,6:1"
moral,0:1
send,2:1
sewers,3:1
apply,6:1
tools,3:1
use,1:1
feel,6:1
from,"0:2,1:4,3:4,6:2"
takes,0:1
distinct,0:1
two,2:1
imaginations,0:1
call,"0:3,1:3,2:3,3:3,4:3,5:3,6:3"
therefore,6:1
https,"0:4,1:4,2:4,3:4,4:4,5:4,6:4"
scope,0:2
type,"0:2,1:2,2:2,3:2,4:2,5:2,6:2"
is,"0:7,1:5,2:2,3:6,6:5"
more,"0:4,1:6,2:6,3:5,4:4,5:4,6:4"
optimizing,1:1
gopakumar,"2:1,3:3,4:3"
infrastructure,"3:1,4:1"
on,"0:2,1:5,2:3,3:2,5:1,6:1"
successful,1:1
brings,3:1
equity,2:1
dysart,"2:1,3:1,4:2"
about,"0:11,1:2,2:2,3:3,4:4,5:2,6:2"
foundations,0:1
cases,2:1
must,"1:1,5:2"
none,"0:2,1:1,2:1,3:1,4:1,5:1,6:1"
plagiarism,"1:2,6:1"
g,1:2
characterize,3:1
pursue,0:1
science,"0:16,1:16,2:13,3:16,4:14,5:13,6:13"
work,"0:1,1:4,2:2,3:1,5:2"
cancellations,"0:4,1:4,2:4,3:4,4:4,5:4,6:4"
theories,1:2
reviews,1:1
foci,2:1
hasclass,0:10
can,"3:1,6:1"
entrepreneurs,0:1
following,2:1
meet,"1:1,6:1"
root,0:10
history,1:1
point,6:1
publishable,1:1
impacts,"0:1,2:1,3:1"
process,"1:1,6:2"
cited,1:1
share,"0:1,1:1,2:1,3:1,4:1,5:1,6:1"
topic,6:6
minimum,5:1
council,"0:2,1:2,2:2,3:2,4:2,5:2,6:2"
blvd,"0:2,1:2,2:2,3:2,4:2,5:2,6:2"
sir,"0:1,1:1,2:1,3:1,4:1,5:1,6:1"
needs,"1:1,6:1"
requirements,6:2
goal,0:1
democracy,1:1
eng,"0:1,1:1,2:1,3:1,4:1,5:1,6:1"
provide,6:1
discussion,1:1
exceptional,2:1
delay,6:1
maps,"0:1,1:1,2:1,3:1,4:1,5:1,6:1"
globalization,"1:2,2:1"
blended,4:1
ensure,6:1
css,0:2
map,"0:3,1:3,2:3,3:3,4:3,5:3,6:3"
explores,1:3
intended,"5:1,6:1"
information,"1:6,2:1,3:3,5:2,6:2"
may,2:1
typed,6:1
philosophy,0:1
containing,6:1
lab,"0:1,1:1,2:1,3:1,4:1,5:1,6:1"
entrepreneurship,2:3
reflect,0:1
applications,2:1
produce,0:1
records,6:1
faculty,"0:13,1:12,2:12,3:12,4:22,5:10,6:10"
such,"1:1,3:1"
ethics,"1:2,2:1"
data,1:1
types,1:1
relationsfaculties,"0:4,1:4,2:4,3:4,4:4,5:4,6:4"
a,"0:8,1:12,2:4,3:1,4:1,5:5,6:6"
short,2:1
natural,3:1
societyabout,"0:2,1:1,2:1,3:1,4:1"
effective,1:1
register,"2:1,5:1"
appreciate,0:1
supervision,"1:1,5:1"
st,"0:1,1:1,2:1,3:1,4:1,5:1,6:1"
nascent,0:1
responsibility,"0:1,1:2,6:1"
perception,1:1
pay,6:1
looking,1:1
order,"0:1,6:1"
feedback,"0:2,1:2,2:2,3:2,4:2,5:2,6:2"
office,"0:1,1:1,2:1,3:1,4:1,5:1,6:1"
laboratory,1:1
mainly,3:1
mission,0:2
professors,6:1
course,"0:4,1:17,2:4,3:4,4:4,5:6,6:10"
scientist,3:1
thesis,1:2
committed,0:1
its,"0:1,6:1"
member,"1:1,5:1"
style,6:2
group,1:1
how,3:1
chosen,6:1
sensitizes,1:1
li,0:28
better,5:1
spoken,1:1
window,0:2
complex,1:2
systems,3:1
policy,"0:3,3:2"
areas,2:1
might,6:1
good,0:1
interdisciplinary,"0:2,2:1"
propose,0:1
practice,"0:2,1:3,2:1"
processes,"2:1,3:1"
bound,6:1
educating,0:1
ces,"0:5,2:4"
effects,"1:1,2:1"
they,2:1
schools,"0:8,1:8,2:8,3:8,4:8,5:8,6:8"
one,"1:2,2:1,6:2"
day,6:1
addclass,0:2
articles,1:2
rhetoric,0:1
name,6:1
dysartgale,4:1
james,4:2
university,"0:13,1:12,2:12,3:12,4:12,5:13,6:13"
composition,1:5
courses,"0:1,1:12,5:2,6:2"
arrow,0:6
ewt,1:1
experienced,1:1
en,"0:1,1:1,2:1,3:1,4:1,5:1,6:1"
primarily,3:1
generation,2:1
list,"5:1,6:1"
experts,1:1
idea,2:1
related,"2:1,3:1,6:1"
conventions,1:1
society,"0:5,1:6,2:3,3:4,4:11,5:2,6:2"
myconcordia,"0:1,1:1,2:1,3:1,4:1,5:1,6:1"
familiarizes,1:2
ev,"0:1,1:1,2:1,3:1,4:9,5:1,6:1"
agriculture,3:1
disasters,3:1
special,"1:1,6:1"
out,"1:2,6:1"
canada,"0:4,1:4,2:4,3:4,4:4,5:4,6:4"
funding,"0:1,1:1,2:1,3:1,4:1,5:1,6:1"
psychology,1:2
everything,6:1
factors,3:1
electronic,1:1
crucial,1:1
denied,6:1
research,"0:13,1:19,2:16,3:22,4:8,5:18,6:7"
content,"0:1,1:1,2:1,3:1,4:1,5:1,6:2"
safety,1:2
health,"0:1,1:1,3:4"
newly,2:1
cause,1:1
correct,6:1
stewards,0:1
associate,"3:1,4:3"
getelementsbytagname,"0:2,1:2,2:2,3:2,4:2,5:2,6:2"
team,2:1
loyola,"0:2,1:2,2:2,3:2,4:2,5:2,6:2"
free,6:1
reason,6:1
grading,6:1
members,"0:1,1:1,2:2,3:1,4:11,5:1,6:1"
interaction,3:1
benefits,3:2
her,3:3
language,1:1
english,1:1
script,"0:4,1:4,2:4,3:4,4:4,5:4,6:4"
keep,6:1
conducted,"1:1,5:1"
place,0:1
w,"0:2,1:2,2:2,3:2,4:2,5:2,6:2"
ehab,4:3
think,1:1
south,3:1
first,"0:6,1:1"
major,"1:1,2:1,3:1"
industrial,"0:1,1:1,2:1,3:1,4:1,5:1,6:3"
grade,1:1
question,1:1
primary,0:1
implicates,0:1
will,"1:2,2:2,6:4"
smaller,2:1
submit,6:2
directly,2:1
memberscoursestechnical,"0:2,1:1,2:1,3:1,4:1"
open,"0:22,1:1"
george,"0:1,1:1,2:1,3:1,4:1,5:1,6:1"
engineer,"0:1,3:1"
he,3:3
management,"1:1,2:1"
service,"0:4,1:4,2:5,3:4,4:4,5:4,6:4"
privacy,"0:2,1:3,2:2,3:2,4:2,5:2,6:2"
together,3:1
top,"0:4,1:2,2:2,3:2,4:2,5:2,6:2"
slidetoggle,0:4
approximately,6:1
indi,2:5
their,"0:5,1:5,2:1,5:1"
regulation,2:1
genetically,3:1
master,2:1
statement,0:4
livelihoods,3:1
john,"0:4,1:4,2:4,3:4,4:4,5:4,6:4"
final,"1:1,5:1,6:1"
williams,"0:1,1:1,2:1,3:1,4:1,5:1,6:1"
interests,"2:1,3:1"
urban,"3:3,4:1"
passed,1:1
relationship,2:1
that,"1:1,2:1,3:3,6:1"
completed,1:1
environmental,"1:1,3:1"
part,"0:2,4:3"
sociology,3:1
consult,"5:1,6:1"
copy,6:2
macmillan,4:3
govind,"2:1,3:3,4:3"
jquery,0:4
ste,"0:1,1:1,2:1,3:1,4:1,5:1,6:1"
ahmed,4:3
analyze,3:1
roles,1:1
double,6:1
approve,6:1
project,"0:2,1:7,2:1,3:1,4:1,5:12,6:5"
classes,6:1
rensselaer,3:1
risks,"0:1,3:1"
attention,6:1
individualized,"0:2,1:1,2:11,3:1,4:1"
hacking,1:1
providing,0:1
abstracts,1:2
perspective,1:1
exhibit,0:1
gathering,1:1
topics,1:2
saharan,3:1
gale,"2:1,3:1,4:2"
concordia,"0:19,1:18,2:18,3:18,4:27,5:18,6:19"
academics,"0:2,1:2,2:2,3:2,4:2,5:2,6:2"
need,"1:1,6:1"
concentration,"1:1,5:1"
clearly,6:1
option,6:1
competency,2:1
documents,1:2
communicative,0:1
thorough,1:1
client,1:1
note,"1:1,5:1,6:1"
also,"1:1,2:1,6:1"
practices,"0:1,1:1,2:3"
take,0:1
satisfactory,1:1
online,2:1
objective,0:2
political,2:1
registered,6:1
pursues,0:1
lecturer,4:3
sure,0:2
unless,6:1
nancy,4:3
centre,"0:18,1:6,2:6,3:7,4:15,5:5,6:5"
arguing,1:2
object,0:1
most,2:1
birks,"0:4,1:4,2:4,3:4,4:4,5:4,6:4"
plan,0:1
significant,0:1
organization,1:2
services,"0:11,1:12,2:11,3:11,4:11,5:12,6:13"
infrastructures,3:2
class,"0:8,1:8,2:8,3:8,4:8,5:9,6:9"
especially,1:1
considered,2:2
year,6:1
professor,"2:1,3:1,4:6,6:1"
pinterest,"0:1,1:1,2:1,3:1,4:1,5:1,6:1"
alumni,"0:1,1:1,2:1,3:1,4:1,5:1,6:1"
drive,3:1
ext,4:8
mechanical,6:1
professional,"0:1,1:14"
senior,4:1
scholarship,3:1
mailing,"0:1,1:1,2:1,3:1,4:1,5:1,6:1"
assistance,6:1
advisory,"0:1,1:1,2:1,3:1,4:1,5:1,6:1"
emerging,"2:1,3:1"
particularly,3:1
text,"0:2,1:2,2:2,3:2,4:2,5:2,6:2"
planning,"1:1,5:1"
solutions,1:1
stores,"0:4,1:4,2:4,3:4,4:4,5:4,6:4"
font,6:1
fine,"0:4,1:4,2:4,3:4,4:4,5:4,6:4"
find,1:2
staff,"0:1,1:1,2:1,3:1,4:1,5:1,6:1"
impact,1:3
highest,0:1
based,"1:1,2:1,6:1"
knowledge,0:1
insertbefore,"0:2,1:2,2:2,3:2,4:2,5:2,6:2"
graded,6:1
true,"0:2,1:2,2:2,3:2,4:2,5:2,6:2"
explain,0:1
productivity,1:1
written,"1:2,6:1"
should,"2:1,5:1,6:4"
failed,1:1
maisonneuve,"0:2,1:2,2:2,3:2,4:2,5:2,6:2"
meng,1:1
diffusion,1:3
his,3:1
permission,"1:1,5:1,6:1"
fellow,4:1
assistant,"4:2,6:1"
de,"0:2,1:2,2:2,3:2,4:2,5:2,6:2"
ssl,"0:2,1:2,2:2,3:2,4:2,5:2,6:2"
preparing,0:1
closely,2:1
international,"1:1,2:2"
report,"0:2,1:5,2:1,3:1,4:1,5:2,6:18"
honours,"0:2,1:3,2:1,3:1,4:1,5:11,6:1"
learned,6:1
secondary,0:22
evolution,1:1
beng,5:1
countries,3:1
unmet,1:1
email,6:1
she,3:2
forces,3:1
sustainable,0:1
vision,0:2
ethical,"1:2,2:1"
requirement,"1:1,5:1,6:1"
set,"1:1,6:1"
analytics,"0:2,1:2,2:2,3:2,4:2,5:2,6:2"
see,"0:3,1:5,2:3,3:3,4:3,5:4,6:3"
computer,"0:12,1:13,2:9,3:10,4:10,5:9,6:9"
are,"0:1,1:1,2:6,6:1"
encs,"0:1,1:25,2:2,3:1,4:1,5:3,6:4"
calendar,"0:12,1:14,2:12,3:12,4:12,5:13,6:12"
encouraged,2:1
registering,2:2
currently,2:1
please,6:3
materials,1:1
libraries,"0:3,1:3,2:3,3:3,4:3,5:3,6:3"
state,0:2
apos,"0:1,1:1,2:1,3:1,4:1,5:1,6:1"
between,2:1
flickr,"0:1,1:1,2:1,3:1,4:1,5:1,6:1"
approach,0:1
across,0:1
stuart,4:3
we,1:1
profiling,1:1
terms,"0:2,1:2,2:2,3:2,4:2,5:2,6:2"
creating,1:1
parent,0:16
nature,2:1
javascript,"0:2,1:2,2:2,3:2,4:2,5:2,6:2"
however,6:1
js,"0:2,1:2,2:2,3:2,4:2,5:2,6:2"
catharine,4:2
job,"0:5,1:5,2:5,3:5,4:5,5:5,6:5"
no,6:1
news,"0:5,1:5,2:5,3:5,4:5,5:5,6:5"
cities,"3:2,4:1"
improve,3:2
both,"0:1,6:1"
c,"0:24,1:2,2:1,3:1,4:4,5:1,6:1"
perceptions,0:1
last,6:1
signed,6:1
uncertainty,3:1
explore,2:1
molson,"0:4,1:4,2:4,3:4,4:4,5:4,6:4"
participating,2:1
s,"0:12,1:12,2:13,3:13,4:20,5:12,6:14"
planned,5:1
rhetoricians,0:1
contribution,0:1
com,"0:2,1:2,2:2,3:2,4:2,5:2,6:2"
invites,2:1
and,"0:40,1:77,2:23,3:31,4:12,5:10,6:15"
supply,3:1
ca,"0:3,1:3,2:3,3:3,4:12,5:3,6:3"
community,"2:1,3:1"
innovations,1:1
learning,4:1
approval,6:1
writing,"1:16,2:3,5:1,6:1"
undergraduate,"0:7,1:9,2:5,3:5,4:5,5:7,6:8"
cv,2:1
broadening,0:1
arts,"0:8,1:8,2:8,3:8,4:8,5:8,6:8"
perspectives,0:1
addition,0:1
west,"0:2,1:2,2:2,3:2,4:2,5:2,6:2"
creativity,"1:4,2:1"
been,6:1
interest,"3:2,5:1"
utilizing,1:1
website,"0:2,1:2,2:2,3:2,4:2,5:2,6:2"
life,"0:3,1:3,2:2,3:2,4:2,5:2,6:2"
technological,"0:1,2:2,3:2"
dates,"0:4,1:4,2:4,3:4,4:4,5:4,6:4"
else,0:2
understand,3:1
dissemination,2:1
general,"1:1,6:2"
those,1:1
case,1:1
participatory,1:1
developing,3:2
these,2:1
googleplus,"0:1,1:1,2:1,3:1,4:1,5:1,6:1"
as,"0:7,1:4,3:3,5:2"
profiles,3:2
employ,0:1
institute,3:1
aid,2:1
balance,1:1
designing,1:1
characterizing,3:1
engineers,"0:5,1:8,2:1"
styles,1:1
larger,0:1
examines,1:3
have,"1:1,3:1,6:3"
ethically,0:1
thus,0:1
it,"0:5,1:10,2:5,3:5,4:5,5:5,6:6"
linkedin,"0:2,1:2,2:2,3:2,4:2,5:2,6:2"
sas,"1:1,5:1,6:2"
audiences,1:1
presentations,1:1
dual,1:1
in,"0:11,1:15,2:12,3:12,4:8,5:5,6:6"
ready,0:2
kenya,3:1
engr,"0:4,1:6,2:2,3:2,4:2,5:9,6:14"
property,1:1
technology,"0:5,1:7,2:5,3:3,4:1"
id,6:1
examine,1:2
if,"0:6,6:2"
result,6:1
marsden,4:3
any,6:2
develop,"0:2,1:3"
harsh,"2:1,3:1,4:3"
prior,5:2
media,"0:4,1:5,2:4,3:4,4:4,5:4,6:4"
make,0:2
cross,2:1
surveillance,1:1
democracies,0:1
matthew,"2:1,3:1,4:3"
html,"0:1,1:1,2:1,3:1,4:1,5:1,6:1"
units,"0:1,1:1,2:1,3:1,4:1,5:1,6:1"
terrorism,3:1
document,"0:8,1:6,2:6,3:6,4:6,5:6,6:6"
events,"0:5,1:5,2:5,3:5,4:5,5:5,6:5"
prerequisite,5:1
higher,1:1
development,"0:3,1:5,2:1,3:4,4:1"
literature,1:1
http,"0:3,1:3,2:3,3:3,4:3,5:3,6:3"
upon,0:1
negotiate,0:1
innerwidth,0:2
phd,1:1
director,6:1
uses,3:1
student,"0:8,1:9,2:10,3:8,4:8,5:10,6:11"
login,2:1
recent,3:1
safe,1:1
reflection,0:1
programs,"0:1,1:1,2:1,3:1,4:1,5:2,6:1"
studies,"0:5,1:5,2:7,3:7,4:5,5:4,6:4"
persuasive,1:1
well,"0:1,1:1,3:1,5:1"
analysis,"0:3,1:1"
resourcescampus,"0:4,1:4,2:4,3:4,4:4,5:4,6:4"
academic,"0:9,1:15,2:9,3:9,4:9,5:10,6:11"
accountable,0:1
contact,"0:1,1:1,2:1,3:1,4:1,5:1,6:3"
centres,"0:1,1:1,2:1,3:1,4:1,5:1,6:1"
claims,0:1
the,"0:36,1:29,2:19,3:9,4:4,5:9,6:30"
laboratories,"0:1,1:1,2:1,3:1,4:1,5:1,6:1"
researchers,"0:2,1:1"
latest,"0:4,1:4,2:4,3:4,4:4,5:4,6:4"
world,2:2
protocol,"0:2,1:2,2:2,3:2,4:2,5:2,6:2"
traditions,0:1
proposed,2:1
less,"1:1,6:1"
being,0:1
executive,1:1
ideas,"0:1,1:1"
assigned,6:1
communities,"0:1,3:1"
shape,"0:1,2:1"
questions,"1:1,2:2"
toggleclass,0:4
summaries,1:1
divide,1:1
discipline,1:1
doctoral,"2:1,3:1"
advanced,1:2
thinking,1:6
remember,6:1
help,"1:2,6:1"
potential,5:1
location,"0:2,1:2,2:2,3:2,4:2,5:2,6:2"
citizen,0:1
crops,3:1
has,"3:1,6:1"
administrative,"0:2,1:2,2:2,3:2,4:2,5:2,6:2"
associations,"0:1,1:1,2:1,3:1,4:1,5:1,6:1"
which,2:2
lacking,"1:1,6:1"
format,6:2
africa,3:2
papers,1:1
term,"5:1,6:3"
department,"1:1,5:4,6:3"
cultural,"0:1,2:2"
notified,6:1
schedules,"0:5,1:5,2:5,3:5,4:5,5:5,6:5"
using,"1:2,6:1"
nanotechnology,3:1
accepted,6:1
projects,"0:2,1:2,3:1"
essential,1:1
submission,6:1
shaped,2:1
chairs,"0:1,1:1,2:1,3:1,4:1,5:1,6:1"
schmitt,"2:1,3:1,4:3"
specific,1:1
engineeringprovost,4:1
benefit,3:1
cspace,"0:3,1:3,2:3,3:3,4:3,5:3,6:3"
createelement,"0:2,1:2,2:2,3:2,4:2,5:2,6:2"
security,"0:4,1:4,2:4,3:4,4:4,5:4,6:4"
works,3:2
directories,"0:2,1:2,2:2,3:2,4:2,5:2,6:2"
www,"0:3,1:3,2:3,3:3,4:3,5:3,6:3"
google,"0:3,1:3,2:3,3:3,4:3,5:3,6:3"
dean,"0:1,1:1,2:1,3:1,4:1,5:1,6:1"
enroll,1:1
twitter,"0:2,1:2,2:2,3:2,4:2,5:2,6:2"
creation,1:1
back,"0:4,1:2,2:2,3:2,4:2,5:2,6:2"
parentnode,"0:2,1:2,2:2,3:2,4:2,5:2,6:2"
brandiff,4:3
economic,"0:1,1:1,3:1"
examples,3:1
emphases,"0:1,2:1"
paragraphs,1:1
organizing,1:1
library,1:1
investigating,3:1
leaders,1:1
scale,0:1
dimensions,"0:1,1:2"
for,"0:7,1:19,2:8,3:7,4:12,5:4,6:13"
disparate,3:1
contributing,1:1
models,3:1
critical,1:4
bridges,3:1
provides,1:1
innovation,"0:1,1:5,2:1,3:1"
serviceswhat,"0:4,1:4,2:4,3:4,4:4,5:4,6:4"
ict,3:1
be,"0:1,1:1,2:3,5:1,6:7"
who,"0:1,1:2,3:1"
scientific,"0:2,1:1"
business,"0:4,1:6,2:5,3:4,4:4,5:4,6:4"
schedule,"5:1,6:1"
aits,"0:1,1:1,2:1,3:1,4:1,5:1,6:1"
communicate,1:1
credits,"1:12,5:2"
leadership,2:1
async,"0:2,1:2,2:2,3:2,4:2,5:2,6:2"
caron,4:3
by,"1:2,2:1,5:1,6:2"
src,"0:2,1:2,2:2,3:2,4:2,5:2,6:2"
crafting,0:1
centrefaculty,"0:2,1:1,2:1,3:1,4:1"
biotechnologies,3:1
of,"0:38,1:44,2:31,3:23,4:17,5:23,6:29"
industry,1:1
citizens,0:3
introduces,1:1
intercultural,3:1
graduation,"1:1,6:1"
page,"0:1,1:1,2:1,3:1,4:1,5:1,6:2"
supervised,6:1
act,1:1
or,"1:3,2:1,5:1,6:1"
block,0:2
software,4:1
civic,"0:1,1:1,2:1,3:1,4:1,5:1,6:1"
communication,"0:1,1:12,2:2,3:4"
into,"1:1,6:1"
within,0:3
catherine,"0:1,1:1,2:1,3:1,4:1,5:1,6:1"
commitment,0:1
intellectual,1:1
entrepreneur,0:1
appropriate,1:1
determine,3:1
registration,"0:4,1:5,2:4,3:4,4:4,5:9,6:11"
roads,3:1
referencing,1:1
your,"1:2,6:12"
methods,"1:4,3:1"
argumentation,1:5
span,"0:2,1:1,2:1,3:1,4:1,5:1,6:1"
additional,"5:2,6:2"
prepare,"0:1,1:1,2:1"
area,"1:1,5:1"
support,"0:1,1:1,2:1,3:1,4:1,5:1,6:1"
there,6:1
legislation,"1:1,2:1"
fast,0:4
approved,"5:1,6:1"
consultation,"1:1,5:1"
var,"0:6,1:6,2:6,3:6,4:6,5:6,6:6"
innovators,0:1
energy,3:1
opens,2:1
function,"0:4,1:2,2:3,3:2,4:2,5:2,6:2"
complete,1:1
form,6:3
bus,"0:4,1:4,2:4,3:4,4:4,5:4,6:4"
becoming,2:1
failure,6:1
bookstore,"0:4,1:4,2:4,3:4,4:4,5:4,6:4"
goals,1:2
technologies,"1:2,3:3"
promote,0:1
with,"0:5,1:5,2:1,3:1,5:4,6:3"
proposal,2:1
observation,2:1
responding,1:1
applying,3:1
builds,3:1
msc,1:1
cgpa,5:1
up,"1:1,6:1"
us,"0:3,1:3,2:3,3:3,4:3,5:3,6:4"
theoretical,1:1
ul,0:6
coursestechnical,"5:1,6:1"
z,"0:1,1:1,2:1,3:1,4:1,5:1,6:1"
ua,"0:2,1:2,2:2,3:2,4:2,5:2,6:2"
display,"0:4,1:1,2:1,3:1,4:1,5:1,6:1"
detailed,2:1
bearing,2:1
associated,"0:1,3:2"
links,"0:3,1:3,2:3,3:3,4:3,5:3,6:3"
certain,"1:1,6:1"
combining,3:1
accessibility,"0:2,1:2,2:2,3:2,4:2,5:2,6:2"
covers,1:2
an,"0:2,1:4,2:2,3:1,5:1,6:2"
engineering,"0:19,1:20,2:21,3:14,4:21,5:10,6:13"
expertise,"0:1,1:1,2:1,3:1,4:1,5:1,6:1"
at,"0:2,1:2,2:2,3:2,4:2,5:2,6:2"
our,"1:4,6:1"
education,"0:2,3:1,4:1"
campus,"0:13,1:13,2:13,3:13,4:13,5:13,6:13"
fill,6:1
codes,2:1
variety,2:1
not,"1:1,6:3"
boot,"0:2,1:1,2:1,3:1,4:1,5:1,6:1"
graduate,"0:11,1:16,2:10,3:9,4:9,5:10,6:9"
field,2:1
interested,"2:1,3:3"
digital,"1:1,4:1"
test,"1:1,2:3,5:1,6:1"
you,6:8
users,1:1
students,"0:4,1:18,2:4,3:1,4:1,5:4,6:5"
problems,"0:1,1:3"
develops,"1:1,3:1"
important,"0:6,1:5,2:5,3:6,4:5,5:5,6:5"
throughout,6:1
e,1:2
oral,"1:3,5:1"
required,2:1
youtube,"0:1,1:1,2:1,3:1,4:1,5:1,6:1"
departments,"0:5,1:5,2:5,3:5,4:5,5:5,6:5"
original,6:1
time,4:5
push,"0:4,1:4,2:4,3:4,4:4,5:4,6:4"
introductory,1:1
requires,"1:1,6:1"
receive,6:1
once,6:1
